,time,input_alpha,output_force_left,output_force_right,output_force_total
0,0.010127544403076172,0.0,8.7,11.499999999999998,10.099999999999998
1,0.12886810302734375,1.0,8.7,11.499999999999998,10.099999999999998
2,0.13899517059326172,1.0,8.7,11.499999999999998,10.099999999999998
3,0.1491549015045166,1.0,8.7,11.499999999999998,10.099999999999998
4,0.1593317985534668,1.0,8.7,11.499999999999998,10.099999999999998
5,0.16952204704284668,1.0,8.7,11.499999999999998,10.099999999999998
6,0.1797046661376953,1.0,8.7,11.499999999999998,10.099999999999998
7,0.18984484672546387,1.0,8.7,11.499999999999998,10.099999999999998
8,0.20000553131103516,1.0,8.7,11.499999999999998,10.099999999999998
9,0.21019411087036133,1.0,8.7,11.499999999999998,10.099999999999998
10,0.2203676700592041,1.0,8.7,11.499999999999998,10.099999999999998
11,0.23053669929504395,1.0,8.7,11.499999999999998,10.099999999999998
12,0.24071431159973145,1.0,8.7,11.499999999999998,10.099999999999998
13,0.2508554458618164,1.0,8.7,11.499999999999998,10.099999999999998
14,0.26101231575012207,1.0,8.7,11.499999999999998,10.099999999999998
15,0.2711958885192871,1.0,8.7,11.499999999999998,10.099999999999998
16,0.28134918212890625,1.0,8.7,11.499999999999998,10.099999999999998
17,0.2915074825286865,1.0,8.7,11.499999999999998,10.099999999999998
18,0.30165886878967285,1.0,8.7,11.499999999999998,10.099999999999998
19,0.311800479888916,1.0,8.7,11.499999999999998,10.099999999999998
20,0.32195544242858887,1.0,8.7,11.499999999999998,10.099999999999998
21,0.3321077823638916,1.0,8.7,11.499999999999998,10.099999999999998
22,0.34224653244018555,1.0,8.7,11.499999999999998,10.099999999999998
23,0.352402925491333,1.0,8.7,11.499999999999998,10.099999999999998
24,0.36255598068237305,1.0,8.7,11.499999999999998,10.099999999999998
25,0.3727288246154785,1.0,8.7,11.499999999999998,10.099999999999998
26,0.382918119430542,1.0,8.7,11.499999999999998,10.099999999999998
27,0.39312005043029785,1.0,8.7,11.499999999999998,10.099999999999998
28,0.40324878692626953,1.0,8.7,11.499999999999998,10.099999999999998
29,0.4134211540222168,1.0,8.7,11.499999999999998,10.099999999999998
30,0.423633337020874,1.0,8.7,11.499999999999998,10.099999999999998
31,0.4338035583496094,1.0,8.7,11.499999999999998,10.099999999999998
32,0.44399452209472656,1.0,8.7,11.499999999999998,10.099999999999998
33,0.4541809558868408,1.0,8.7,11.499999999999998,10.099999999999998
34,0.46434545516967773,1.0,8.7,11.499999999999998,10.099999999999998
35,0.4744858741760254,1.0,8.7,11.499999999999998,10.099999999999998
36,0.484668493270874,1.0,8.7,11.499999999999998,10.099999999999998
37,0.4948298931121826,1.0,8.7,11.499999999999998,10.099999999999998
38,0.5050058364868164,1.0,8.7,11.499999999999998,10.099999999999998
39,0.5152163505554199,1.0,8.7,11.499999999999998,10.099999999999998
40,0.5253822803497314,1.0,8.7,11.499999999999998,10.099999999999998
41,0.535538911819458,1.0,8.7,11.499999999999998,10.099999999999998
42,0.545712947845459,1.0,8.7,11.499999999999998,10.099999999999998
43,0.5559093952178955,1.0,8.7,11.499999999999998,10.099999999999998
44,0.5660743713378906,1.0,8.7,11.499999999999998,10.099999999999998
45,0.5762560367584229,1.0,8.7,11.499999999999998,10.099999999999998
46,0.5864248275756836,1.0,8.7,11.499999999999998,10.099999999999998
47,0.5965778827667236,1.0,8.7,11.499999999999998,10.099999999999998
48,0.606757402420044,1.0,15.600000000000001,9.3,12.450000000000001
49,0.6169381141662598,1.0,15.600000000000001,9.3,12.450000000000001
50,0.627100944519043,1.0,15.600000000000001,9.3,12.450000000000001
51,0.6372766494750977,1.0,15.600000000000001,9.3,12.450000000000001
52,0.6474676132202148,1.0,15.600000000000001,9.3,12.450000000000001
53,0.6576144695281982,1.0,15.600000000000001,9.3,12.450000000000001
54,0.6678216457366943,1.0,15.600000000000001,9.3,12.450000000000001
55,0.6780407428741455,1.0,15.600000000000001,9.3,12.450000000000001
56,0.6882002353668213,1.0,15.600000000000001,9.3,12.450000000000001
57,0.6983754634857178,1.0,15.600000000000001,9.3,12.450000000000001
58,0.7085697650909424,1.0,15.600000000000001,9.3,12.450000000000001
59,0.7187321186065674,1.0,15.600000000000001,9.3,12.450000000000001
60,0.7289047241210938,1.0,15.600000000000001,9.3,12.450000000000001
61,0.7390930652618408,1.0,15.600000000000001,9.3,12.450000000000001
62,0.7492539882659912,1.0,15.600000000000001,9.3,12.450000000000001
63,0.7594273090362549,1.0,15.600000000000001,9.3,12.450000000000001
64,0.7696244716644287,1.0,15.600000000000001,9.3,12.450000000000001
65,0.7798206806182861,1.0,15.600000000000001,9.3,12.450000000000001
66,0.7900023460388184,1.0,15.600000000000001,9.3,12.450000000000001
67,0.8001918792724609,1.0,15.600000000000001,9.3,12.450000000000001
68,0.8103506565093994,1.0,15.600000000000001,9.3,12.450000000000001
69,0.8204944133758545,1.0,15.600000000000001,9.3,12.450000000000001
70,0.8306550979614258,1.0,15.600000000000001,9.3,12.450000000000001
71,0.8408298492431641,1.0,15.600000000000001,9.3,12.450000000000001
72,0.850975751876831,1.0,15.600000000000001,9.3,12.450000000000001
73,0.8611290454864502,1.0,15.600000000000001,9.3,12.450000000000001
74,0.8712584972381592,1.0,15.600000000000001,9.3,12.450000000000001
75,0.8814065456390381,1.0,15.600000000000001,9.3,12.450000000000001
76,0.8915560245513916,1.0,15.600000000000001,9.3,12.450000000000001
77,0.9017369747161865,1.0,15.600000000000001,9.3,12.450000000000001
78,0.9118831157684326,1.0,15.600000000000001,9.3,12.450000000000001
79,0.9220497608184814,1.0,15.600000000000001,9.3,12.450000000000001
80,0.932201623916626,1.0,15.600000000000001,9.3,12.450000000000001
81,0.9423329830169678,1.0,15.600000000000001,9.3,12.450000000000001
82,0.9527730941772461,1.0,15.600000000000001,9.3,12.450000000000001
83,0.9629652500152588,1.0,15.600000000000001,9.3,12.450000000000001
84,0.9731235504150391,1.0,15.600000000000001,9.3,12.450000000000001
85,0.9832520484924316,1.0,15.600000000000001,9.3,12.450000000000001
86,0.9934203624725342,1.0,15.600000000000001,9.3,12.450000000000001
87,1.0035607814788818,1.0,15.600000000000001,9.3,12.450000000000001
88,1.013711929321289,1.0,15.600000000000001,9.3,12.450000000000001
89,1.0238780975341797,1.0,15.600000000000001,9.3,12.450000000000001
90,1.034027338027954,1.0,15.600000000000001,9.3,12.450000000000001
91,1.0441677570343018,1.0,15.600000000000001,9.3,12.450000000000001
92,1.0543560981750488,1.0,15.600000000000001,9.3,12.450000000000001
93,1.0645549297332764,1.0,15.600000000000001,9.3,12.450000000000001
94,1.074779987335205,1.0,15.600000000000001,9.3,12.450000000000001
95,1.0850069522857666,1.0,15.600000000000001,9.3,12.450000000000001
96,1.0952413082122803,1.0,15.600000000000001,9.3,12.450000000000001
97,1.1054069995880127,1.0,15.600000000000001,9.3,12.450000000000001
98,1.1155922412872314,1.0,15.600000000000001,9.3,12.450000000000001
99,1.125802993774414,1.0,15.600000000000001,9.3,12.450000000000001
